Temperature,SOC,Mean (Farad),Error (Farad)
-30,0,460237.001,17668.1023
-30,0.025,681039.078,27457.1072
-30,0.05,1267988.44,32805.2362
-30,0.075,2781459.45,21910.4822
-30,0.15,2229930.57,49384.3477
-30,0.2,1321405.56,28029.121
-30,0.25,1059639.36,13261.9851
-30,0.3,229781.594,19387.9767
-30,0.35,397790.614,15460.6352
-30,0.4,522220.892,15333.3398
-30,0.45,386266.311,12031.6808
-30,0.5,405895.82,10046.6681
-30,0.55,652459.295,11696.1366
-30,0.6,676281.392,15252.6043
-30,0.65,438281.185,13487.1539
-30,0.7,656205.925,12439.9014
-30,0.75,376878.501,18687.2414
-30,0.8,678679.651,8592.12195
-30,0.85,1405092.58,32027.3782
-30,0.9,1270757.9,127998.646
-30,0.925,1576451.66,137913.375
-30,0.95,9508666.92,2552723.5
-30,0.975,45303491.6,39123817.5
-30,1,156373164,245308531
-20,0,427232.786,16401.0989
-20,0.025,628797.309,25350.9023
-20,0.05,1156308.5,29915.8669
-20,0.075,2330558.2,18358.5829
-20,0.15,2415904.48,53502.9514
-20,0.2,1635034.56,34681.6926
-20,0.25,1463967.87,18322.3848
-20,0.3,460008.246,38813.5055
-20,0.35,670721.212,26068.4279
-20,0.4,816077.611,23961.4989
-20,0.45,678008.871,21119.0728
-20,0.5,727696.958,18011.8382
-20,0.55,1019383.45,18273.7039
-20,0.6,1065952.92,24041.114
-20,0.65,784442.46,24139.5171
-20,0.7,1057782.02,20052.7054
-20,0.75,726581.896,36027.0252
-20,0.8,1158394.28,14665.3357
-20,0.85,2102139.54,47915.7169
-20,0.9,1885596.04,189928.972
-20,0.925,2246673.73,196546.69
-20,0.95,9571571.54,2569611.05
-20,0.975,34091327.1,29441061
-20,1,93781964.3,147119335
-10,0,398844.657,15311.303
-10,0.025,584095.228,23548.6711
-10,0.05,1061879.88,27472.8216
-10,0.075,1979179.2,15590.6535
-10,0.15,2601502.08,57613.2214
-10,0.2,1990619.4,42224.2145
-10,0.25,1973496.25,24699.4203
-10,0.3,873584.822,73709.3076
-10,0.35,1086889.98,42243.3531
-10,0.4,1232745.92,36195.6259
-10,0.45,1140283.59,35518.3142
-10,0.5,1248007.59,30890.4834
-10,0.55,1539549.63,27598.3235
-10,0.6,1623041.98,36605.4979
-10,0.65,1343245.38,41335.4662
-10,0.7,1644344.03,31172.3452
-10,0.75,1332603.06,66076.1359
-10,0.8,1898457.55,24034.5777
-10,0.85,3050148.91,69524.4386
-10,0.9,2715243.51,273496.229
-10,0.925,3116776.74,272666.274
-10,0.95,9630065.12,2585314.4
-10,0.975,26214494.8,22638676.9
-10,1,58472571.5,91728147.5
0,0,374222.061,14366.0628
0,0.025,545508.667,21992.9963
0,0.05,981264.478,25387.1501
0,0.075,1701010.72,13399.4278
0,0.15,2786217.32,61703.9504
0,0.2,2388867.52,50671.6926
0,0.25,2602819.8,32575.7601
0,0.3,1582887.05,133557.161
0,0.35,1700117.97,66077.2346
0,0.4,1806753.59,53049.5182
0,0.45,1846115.96,57504.0521
0,0.5,2057457.76,50925.8638
0,0.55,2256001.32,40441.6025
0,0.6,2396360.45,54046.6413
0,0.65,2211290.91,68047.6868
0,0.7,2474916.35,46917.7649
0,0.75,2337920.54,115924.058
0,0.8,3000795.95,37990.2429
0,0.85,4306692.46,98165.8222
0,0.9,3806920.5,383456.731
0,0.925,4221453.73,369307.189
0,0.95,9684594.92,2599953.62
0,0.975,20549139.4,17746110.8
0,1,37740475.5,59204919.8
10,0,352703.48,13539.983
10,0.025,511936.635,20639.4897
10,0.05,911840.237,23591.015
10,0.075,1477662.14,11640.0366
10,0.15,2969624.62,65765.7136
10,0.2,2830097.63,60030.8876
10,0.25,3366364.59,42131.9545
10,0.3,2750179.16,232048.219
10,0.35,2576610.78,100143.236
10,0.4,2577491.57,75679.7646
10,0.45,2888851.42,89983.872
10,0.5,3274228.85,81043.1864
10,0.55,3217833.8,57683.6346
10,0.6,3442085.8,77631.5501
10,0.65,3514348.52,108146.461
10,0.7,3618978.86,68606.1165
10,0.75,3941984.36,195460.375
10,0.8,4592270.89,58138.4038
10,0.85,5934499.56,135269.707
10,0.9,5211613.95,524946.2
10,0.925,5596440.65,489595.741
10,0.95,9735549.86,2613633.13
10,0.975,16387593.1,14152224.9
10,1,25124256.6,39413377.2
15,0,316275.724,12141.5528
15,0.025,446702.276,13988.7786
15,0.05,760192.175,10894.4618
15,0.075,1132356.47,8919.9489
15,0.15,2704722.75,59899.1604
15,0.2,2893122.62,83692.5233
15,0.25,3439020.51,23372.3834
15,0.3,3394263.07,126002.321
15,0.35,2942481.47,114363.262
15,0.4,2823479.52,82902.4109
15,0.45,3454033.41,98841.0046
15,0.5,4062685.32,67847.4803
15,0.55,3643468.65,56416.7368
15,0.6,3909046.36,101923.78
15,0.65,4344682.97,133698.205
15,0.7,4139100.34,64547.4841
15,0.75,5301574.12,292190.68
15,0.8,5825838.58,46046.6358
15,0.85,6850475.13,230384.585
15,0.9,5270106.17,536535.511
15,0.925,5728338.45,501134.611
15,0.95,6989296.02,3145393.08
15,0.975,8359819.11,9089155.17
15,1,9316821.09,19440232.8
25,0,360845.663,15918.8261
25,0.025,539635.349,21756.2047
25,0.05,1004139.19,25978.9619
25,0.075,1576125.06,7643.6027
25,0.15,3937839.46,111485.185
25,0.2,4043037.36,69938.8772
25,0.25,5887003.86,73679.1788
25,0.3,7188124.05,606502.807
25,0.35,5511553.89,13663.5308
25,0.4,5098897.98,126363.032
25,0.45,6220261.24,263614.419
25,0.5,6942688.04,196535.833
25,0.55,6064127.36,108706.953
25,0.6,6563301.37,148026.31
25,0.65,7468792.63,13019.3404
25,0.7,7115516.95,134891.085
25,0.75,8487932.64,107190.367
25,0.8,8619361.65,109121.596
25,0.85,10046594.9,228999.924
25,0.9,10537936.7,370117.41
25,0.925,10328430.7,1027816.22
25,0.95,15960613.7,4284831.31
25,0.975,25973404.5,22430472.9
25,1,41858584.6,65665154.2
45,0,285735.387,6374.56676
45,0.025,404858.164,16907.59
45,0.05,687631.592,51330.2699
45,0.075,892950.495,24061.23
45,0.15,3384213.73,36110.2642
45,0.2,4530819.79,96105.919
45,0.25,6838397.05,270599.752
45,0.3,13579562.5,1704554.84
45,0.35,8471705.05,662598.747
45,0.4,7055050.71,211544.533
45,0.45,10580009.3,329553.19
45,0.5,12766467.1,315993.541
45,0.55,8937286.39,175566.757
45,0.6,9757299.94,106684.766
45,0.65,13630393.3,419508.127
45,0.7,10803579.7,465187.511
45,0.75,18656519.5,925069.703
45,0.8,16263475.8,783749.506
45,0.85,15140070.7,100695.048
45,0.9,12297504.6,1238681.22
45,0.925,12168959.7,780863.047
45,0.95,8492163.36,2063398.37
45,0.975,6521670.11,2264287.86
45,1,5293405.87,2207575.4
