Temperature,SOC,OCV-Charge,OCV-Discharge,Average
15,0,1.85815,1.85815,1.85815
15,0.01,2.06454,2.055892,2.060216
15,0.02,2.145866,2.128643,2.137255
15,0.03,2.20859,2.185523,2.197056
15,0.04,2.260231,2.233584,2.246907
15,0.05,2.302678,2.274985,2.288831
15,0.06,2.339613,2.311977,2.325795
15,0.07,2.374354,2.34708,2.360717
15,0.08,2.407984,2.3812,2.394592
15,0.09,2.43977,2.413694,2.426732
15,0.1,2.47031,2.444756,2.457533
15,0.11,2.500183,2.474761,2.487472
15,0.12,2.529421,2.50392,2.516671
15,0.13,2.557811,2.532182,2.544996
15,0.14,2.585137,2.559496,2.572317
15,0.15,2.611186,2.58581,2.598498
15,0.16,2.636741,2.611844,2.624293
15,0.17,2.662049,2.637708,2.649878
15,0.18,2.68609,2.662437,2.674264
15,0.19,2.707843,2.685066,2.696454
15,0.2,2.726288,2.704632,2.71546
15,0.21,2.741912,2.7216,2.731756
15,0.22,2.756057,2.737221,2.746639
15,0.23,2.768986,2.751707,2.760346
15,0.24,2.780962,2.765267,2.773115
15,0.25,2.792248,2.778112,2.78518
15,0.26,2.803108,2.790452,2.79678
15,0.27,2.813805,2.802498,2.808152
15,0.28,2.824601,2.81446,2.81953
15,0.29,2.835761,2.826548,2.831155
15,0.3,2.847547,2.838973,2.84326
15,0.31,2.860078,2.851835,2.855957
15,0.32,2.873146,2.864977,2.869061
15,0.33,2.886526,2.878218,2.882372
15,0.34,2.899994,2.891382,2.895688
15,0.35,2.913324,2.90429,2.908807
15,0.36,2.926292,2.916762,2.921527
15,0.37,2.938671,2.928622,2.933647
15,0.38,2.950237,2.93969,2.944964
15,0.39,2.960766,2.949788,2.955277
15,0.4,2.97003,2.958738,2.964384
15,0.41,2.978254,2.966717,2.972486
15,0.42,2.98587,2.974086,2.979978
15,0.43,2.992968,2.980939,2.986953
15,0.44,2.999639,2.987372,2.993506
15,0.45,3.005974,2.993478,2.999726
15,0.46,3.012065,2.999353,3.005709
15,0.47,3.018002,3.005091,3.011547
15,0.48,3.023877,3.010787,3.017332
15,0.49,3.029779,3.016534,3.023156
15,0.5,3.0358,3.02243,3.029115
15,0.51,3.04189,3.028426,3.035158
15,0.52,3.047928,3.034402,3.041165
15,0.53,3.053903,3.040338,3.047121
15,0.54,3.059801,3.046215,3.053008
15,0.55,3.06561,3.052013,3.058812
15,0.56,3.071317,3.057713,3.064515
15,0.57,3.076909,3.063296,3.070102
15,0.58,3.082373,3.068741,3.075557
15,0.59,3.087696,3.07403,3.080863
15,0.6,3.092866,3.079144,3.086005
15,0.61,3.097997,3.084194,3.091095
15,0.62,3.103169,3.089272,3.09622
15,0.63,3.108321,3.09432,3.10132
15,0.64,3.113395,3.099283,3.106339
15,0.65,3.118329,3.104106,3.111217
15,0.66,3.123063,3.108731,3.115897
15,0.67,3.127537,3.113105,3.120321
15,0.68,3.13169,3.11717,3.12443
15,0.69,3.135463,3.12087,3.128166
15,0.7,3.138794,3.124151,3.131473
15,0.71,3.141775,3.127099,3.134437
15,0.72,3.144554,3.129854,3.137204
15,0.73,3.147152,3.132433,3.139792
15,0.74,3.14959,3.134858,3.142224
15,0.75,3.15189,3.137147,3.144519
15,0.76,3.154074,3.13932,3.146697
15,0.77,3.156163,3.141396,3.148779
15,0.78,3.158178,3.143395,3.150786
15,0.79,3.160142,3.145336,3.152739
15,0.8,3.162076,3.147239,3.154657
15,0.81,3.163911,3.149016,3.156464
15,0.82,3.165609,3.150631,3.15812
15,0.83,3.167235,3.152183,3.159709
15,0.84,3.168855,3.153771,3.161313
15,0.85,3.170535,3.155495,3.163015
15,0.86,3.17223,3.157306,3.164768
15,0.87,3.173896,3.159147,3.166521
15,0.88,3.175601,3.161101,3.168351
15,0.89,3.177414,3.163252,3.170333
15,0.9,3.179404,3.165685,3.172544
15,0.91,3.181482,3.168473,3.174977
15,0.92,3.183818,3.17179,3.177804
15,0.93,3.186864,3.175874,3.181369
15,0.94,3.191273,3.180938,3.186106
15,0.95,3.197458,3.187555,3.192507
15,0.96,3.205514,3.196507,3.20101
15,0.97,3.21719,3.210753,3.213971
15,0.98,3.235341,3.233961,3.234651
15,0.99,3.2824,3.281868,3.282134
15,1,3.358201,3.358201,3.358201
25,0,1.8432,1.8432,1.8432
25,0.01,2.05831,1.99159,2.02495
25,0.02,2.139414,2.081252,2.110333
25,0.03,2.20461,2.150124,2.177367
25,0.04,2.259156,2.206628,2.232892
25,0.05,2.304143,2.252973,2.278558
25,0.06,2.343443,2.293206,2.318325
25,0.07,2.379852,2.330728,2.35529
25,0.08,2.414292,2.366679,2.390486
25,0.09,2.446403,2.400403,2.423403
25,0.1,2.477064,2.432605,2.454835
25,0.11,2.506978,2.463898,2.485438
25,0.12,2.536135,2.494343,2.515239
25,0.13,2.564338,2.523814,2.544076
25,0.14,2.59139,2.552183,2.571786
25,0.15,2.617096,2.579326,2.598211
25,0.16,2.642254,2.606004,2.624129
25,0.17,2.667113,2.632401,2.649757
25,0.18,2.690655,2.657529,2.674092
25,0.19,2.711862,2.680397,2.69613
25,0.2,2.729716,2.700015,2.714866
25,0.21,2.744716,2.716893,2.730804
25,0.22,2.758221,2.732353,2.745287
25,0.23,2.770503,2.746623,2.758563
25,0.24,2.781838,2.75993,2.770884
25,0.25,2.792497,2.772501,2.782499
25,0.26,2.802755,2.784565,2.79366
25,0.27,2.812885,2.796349,2.804617
25,0.28,2.823161,2.808081,2.815621
25,0.29,2.833856,2.819988,2.826922
25,0.3,2.845245,2.832298,2.838772
25,0.31,2.857443,2.845092,2.851268
25,0.32,2.870232,2.85818,2.864206
25,0.33,2.883384,2.871386,2.877385
25,0.34,2.89667,2.884535,2.890602
25,0.35,2.90986,2.89745,2.903655
25,0.36,2.922726,2.909955,2.916341
25,0.37,2.935039,2.921875,2.928457
25,0.38,2.946569,2.933033,2.939801
25,0.39,2.957088,2.943254,2.950171
25,0.4,2.966367,2.952362,2.959364
25,0.41,2.974629,2.960533,2.967581
25,0.42,2.982305,2.968121,2.975213
25,0.43,2.98948,2.97521,2.982345
25,0.44,2.99624,2.981887,2.989063
25,0.45,3.002669,2.988235,2.995452
25,0.46,3.008852,2.994342,3.001597
25,0.47,3.014874,3.000291,3.007582
25,0.48,3.02082,3.00617,3.013495
25,0.49,3.026776,3.012062,3.019419
25,0.5,3.032825,3.018054,3.02544
25,0.51,3.03891,3.024088,3.031499
25,0.52,3.044912,3.030047,3.037479
25,0.53,3.050829,3.035925,3.043377
25,0.54,3.056658,3.04172,3.049189
25,0.55,3.062396,3.047426,3.054911
25,0.56,3.06804,3.053039,3.060539
25,0.57,3.073587,3.058554,3.06607
25,0.58,3.079034,3.063967,3.0715
25,0.59,3.084379,3.069275,3.076827
25,0.6,3.089619,3.074471,3.082045
25,0.61,3.094854,3.079654,3.087254
25,0.62,3.100146,3.084886,3.092516
25,0.63,3.105436,3.090109,3.097773
25,0.64,3.110664,3.095268,3.102966
25,0.65,3.115768,3.100304,3.108036
25,0.66,3.120689,3.105162,3.112926
25,0.67,3.125366,3.109784,3.117575
25,0.68,3.129738,3.114114,3.121926
25,0.69,3.133746,3.118094,3.12592
25,0.7,3.13733,3.121668,3.129499
25,0.71,3.140573,3.124934,3.132753
25,0.72,3.143617,3.128032,3.135825
25,0.73,3.146481,3.130969,3.138725
25,0.74,3.149184,3.133754,3.141469
25,0.75,3.151747,3.136393,3.14407
25,0.76,3.154189,3.138893,3.146541
25,0.77,3.156531,3.141263,3.148897
25,0.78,3.158791,3.143508,3.151149
25,0.79,3.160991,3.145637,3.153314
25,0.8,3.163149,3.147657,3.155403
25,0.81,3.16517,3.149488,3.157329
25,0.82,3.166986,3.151119,3.159053
25,0.83,3.168659,3.152658,3.160659
25,0.84,3.170249,3.154214,3.162231
25,0.85,3.171818,3.155894,3.163856
25,0.86,3.173426,3.157645,3.165535
25,0.87,3.175136,3.159401,3.167269
25,0.88,3.177008,3.161246,3.169127
25,0.89,3.179103,3.163267,3.171185
25,0.9,3.181482,3.165548,3.173515
25,0.91,3.183837,3.168136,3.175987
25,0.92,3.186232,3.17119,3.178711
25,0.93,3.18929,3.174966,3.182128
25,0.94,3.193633,3.179707,3.18667
25,0.95,3.199885,3.185931,3.192908
25,0.96,3.207412,3.194314,3.200863
25,0.97,3.2185,3.207504,3.213002
25,0.98,3.236353,3.228858,3.232606
25,0.99,3.2845,3.2808,3.28265
25,1,3.3607,3.3607,3.3607
45,0,1.623763,1.623763,1.623763
45,0.01,1.83698,1.77518,1.80608
45,0.02,1.949164,1.863658,1.906411
45,0.03,2.052641,1.974375,2.013508
45,0.04,2.13907,2.074129,2.106599
45,0.05,2.202198,2.139602,2.1709
45,0.06,2.254497,2.19249,2.223494
45,0.07,2.299489,2.23737,2.268429
45,0.08,2.338521,2.275971,2.307246
45,0.09,2.372733,2.309461,2.341097
45,0.1,2.405334,2.341571,2.373452
45,0.11,2.437748,2.373706,2.405727
45,0.12,2.469215,2.404883,2.437049
45,0.13,2.49968,2.43525,2.467465
45,0.14,2.529086,2.464955,2.49702
45,0.15,2.557377,2.49415,2.525764
45,0.16,2.58538,2.523569,2.554474
45,0.17,2.61322,2.553144,2.583182
45,0.18,2.639788,2.581812,2.6108
45,0.19,2.663975,2.608511,2.636243
45,0.2,2.684672,2.632178,2.658425
45,0.21,2.702432,2.653328,2.67788
45,0.22,2.718703,2.673272,2.695988
45,0.23,2.733723,2.692137,2.71293
45,0.24,2.747726,2.710052,2.728889
45,0.25,2.760947,2.727144,2.744045
45,0.26,2.773624,2.743542,2.758583
45,0.27,2.785991,2.759373,2.772682
45,0.28,2.798283,2.774765,2.786524
45,0.29,2.810738,2.789847,2.800293
45,0.3,2.82359,2.804746,2.814168
45,0.31,2.836883,2.819586,2.828234
45,0.32,2.850404,2.834327,2.842366
45,0.33,2.863995,2.848858,2.856426
45,0.34,2.877502,2.863063,2.870283
45,0.35,2.890768,2.876828,2.883798
45,0.36,2.903638,2.89004,2.896839
45,0.37,2.915956,2.902585,2.90927
45,0.38,2.927567,2.914348,2.920958
45,0.39,2.938314,2.925216,2.931765
45,0.4,2.948043,2.935076,2.94156
45,0.41,2.956925,2.944079,2.950502
45,0.42,2.965278,2.952502,2.95889
45,0.43,2.973165,2.960417,2.966791
45,0.44,2.980649,2.967895,2.974272
45,0.45,2.987793,2.975007,2.9814
45,0.46,2.994659,2.981824,2.988241
45,0.47,3.00131,2.988418,2.994864
45,0.48,3.007809,2.99486,3.001335
45,0.49,3.01422,3.00122,3.00772
45,0.5,3.020604,3.007571,3.014088
45,0.51,3.026892,3.013835,3.020364
45,0.52,3.032989,3.019905,3.026447
45,0.53,3.038919,3.025805,3.032362
45,0.54,3.044705,3.031558,3.038131
45,0.55,3.05037,3.03719,3.04378
45,0.56,3.055939,3.042725,3.049332
45,0.57,3.061435,3.048186,3.05481
45,0.58,3.066881,3.053599,3.06024
45,0.59,3.072301,3.058986,3.065644
45,0.6,3.077718,3.064374,3.071046
45,0.61,3.083201,3.069827,3.076514
45,0.62,3.088763,3.075357,3.08206
45,0.63,3.094348,3.08091,3.087629
45,0.64,3.0999,3.08643,3.093165
45,0.65,3.105362,3.091861,3.098612
45,0.66,3.110679,3.097149,3.103914
45,0.67,3.115793,3.102237,3.109015
45,0.68,3.120649,3.10707,3.11386
45,0.69,3.125191,3.111594,3.118393
45,0.7,3.129361,3.115752,3.122556
45,0.71,3.13325,3.119648,3.126449
45,0.72,3.136987,3.123418,3.130203
45,0.73,3.140573,3.127053,3.133813
45,0.74,3.144009,3.130543,3.137276
45,0.75,3.147296,3.133879,3.140587
45,0.76,3.150436,3.137051,3.143744
45,0.77,3.15343,3.140051,3.14674
45,0.78,3.156281,3.142869,3.149575
45,0.79,3.158988,3.145496,3.152242
45,0.8,3.161553,3.147923,3.154738
45,0.81,3.163922,3.150074,3.156998
45,0.82,3.166088,3.151968,3.159028
45,0.83,3.168126,3.153736,3.160931
45,0.84,3.170114,3.155513,3.162813
45,0.85,3.172126,3.157428,3.164777
45,0.86,3.174083,3.159434,3.166759
45,0.87,3.175938,3.161443,3.16869
45,0.88,3.177807,3.163539,3.170673
45,0.89,3.179809,3.165803,3.172806
45,0.9,3.18206,3.168316,3.175188
45,0.91,3.184574,3.171075,3.177824
45,0.92,3.187448,3.174249,3.180848
45,0.93,3.19093,3.178176,3.184553
45,0.94,3.195199,3.183094,3.189147
45,0.95,3.200617,3.189553,3.195085
45,0.96,3.20854,3.198352,3.203446
45,0.97,3.219,3.212603,3.215801
45,0.98,3.2375,3.236048,3.236774
45,0.99,3.2855,3.284982,3.285241
45,1,3.376918,3.376918,3.376918
