Temperature,SOC,Mean (mOhms),Error (mOhms)
-30,0,978.98251,41.953146
-30,0.025,751.11128,27.9810867
-30,0.05,544.996879,15.9492577
-30,0.075,363.554108,7.35734827
-30,0.15,11.9388203,0.36730664
-30,0.2,7.59362651,0.46254631
-30,0.25,8.55210471,0.216788201
-30,0.3,7.22009465,0.309690217
-30,0.35,9.34874848,0.0916752084
-30,0.4,17.5585639,0.448388643
-30,0.45,2.80024967,0.113317547
-30,0.5,2.05077512,0.0688994395
-30,0.55,6.64481113,0.203830611
-30,0.6,19.9956042,0.277764583
-30,0.65,1.21214291,0.0173378017
-30,0.7,18.3221027,0.261413096
-30,0.75,1.42897717,0.0207997709
-30,0.8,2.20935767,0.0442489633
-30,0.85,1.99006848,0.0476198265
-30,0.9,2.63481192,0.111881735
-30,0.925,4.73091377,0.391097363
-30,0.95,25.8559,5.38004932
-30,0.975,1.17621128,0.0856577191
-30,1,0.220767222,0.0598174717
-20,0,210.198248,9.00779912
-20,0.025,166.057811,6.18613797
-20,0.05,125.012589,3.65847601
-20,0.075,87.6587766,1.77397569
-20,0.15,5.89215176,0.181276408
-20,0.2,3.94033056,0.240015144
-20,0.25,4.34500301,0.110141938
-20,0.3,3.61617074,0.155107759
-20,0.35,4.4154195,0.0432982558
-20,0.4,6.80576725,0.173797171
-20,0.45,1.66850408,0.0675192611
-20,0.5,1.32905829,0.0446520781
-20,0.55,3.11132586,0.095440403
-20,0.6,7.21902375,0.100281497
-20,0.65,0.863389425,0.0123494305
-20,0.7,6.65527187,0.0949549977
-20,0.75,0.962830561,0.0140146781
-20,0.8,1.32829241,0.026603009
-20,0.85,1.22787106,0.0293814045
-20,0.9,1.51495962,0.0643295672
-20,0.925,2.40389975,0.198726694
-20,0.95,9.26259584,1.92734434
-20,0.975,0.849513422,0.0618659108
-20,1,0.228182596,0.0618266872
-10,0,50.7298828,2.17396956
-10,0.025,41.1746243,1.53387489
-10,0.05,32.0709927,0.938553133
-10,0.075,23.5490808,0.476569472
-10,0.15,3.06828277,0.0943979894
-10,0.2,2.14916813,0.130911072
-10,0.25,2.32411774,0.0589143048
-10,0.3,1.9088772,0.0818771256
-10,0.35,2.20775361,0.021649558
-10,0.4,2.83497109,0.0723959455
-10,0.45,1.0340663,0.0418455029
-10,0.5,0.890198523,0.0299078034
-10,0.55,1.5433127,0.0473413563
-10,0.6,2.816113,0.0391194207
-10,0.65,0.63104211,0.00902606689
-10,0.7,2.61085537,0.0372507345
-10,0.75,0.668508549,0.00973061356
-10,0.8,0.830071978,0.016624662
-10,0.85,0.785916389,0.0188059871
-10,0.9,0.908488702,0.038577058
-10,0.925,1.28598091,0.106310064
-10,0.95,3.58748121,0.746476659
-10,0.975,0.62892002,0.0458011714
-10,1,0.235255598,0.0637431359
0,0,13.5863254,0.582226021
0,0.025,11.3069141,0.421215539
0,0.05,9.08934037,0.265998279
0,0.075,6.96543063,0.140961408
0,0.15,1.67596818,0.0515624012
0,0.2,1.22541769,0.0746431802
0,0.25,1.30143458,0.0329902019
0,0.3,1.05590156,0.0452905953
0,0.35,1.16136832,0.0113885492
0,0.4,1.25912187,0.0321538792
0,0.45,0.663717137,0.0268586042
0,0.5,0.614008169,0.020628697
0,0.55,0.805855525,0.0247197431
0,0.6,1.17694464,0.0163492703
0,0.65,0.471931232,0.00675023553
0,0.7,1.09686992,0.0156497409
0,0.75,0.476722038,0.00693902559
0,0.8,0.536892939,0.0107528791
0,0.85,0.519742469,0.0124367812
0,0.9,0.565586168,0.0240164246
0,0.925,0.720186861,0.0595367398
0,0.95,1.48939181,0.309909979
0,0.975,0.475971843,0.0346627032
0,1,0.242006319,0.065572262
10,0,3.99350478,0.171136958
10,0.025,3.4017653,0.126725683
10,0.05,2.81598324,0.0824093571
10,0.075,2.2453765,0.0454403253
10,0.15,0.955403269,0.0293936884
10,0.2,0.726995314,0.0442830576
10,0.25,0.759232362,0.0192458609
10,0.3,0.609021626,0.0261226548
10,0.35,0.639285486,0.0062689279
10,0.4,0.592221281,0.0151234063
10,0.45,0.439561178,0.0177876976
10,0.5,0.434766008,0.0146067377
10,0.55,0.440547876,0.0135138744
10,0.6,0.523148245,0.00726719996
10,0.65,0.360256365,0.00515290184
10,0.7,0.489925602,0.00699008024
10,0.75,0.348173331,0.00506790847
10,0.8,0.358117509,0.00717236902
10,0.85,0.353903684,0.0084684684
10,0.9,0.364096043,0.0154605711
10,0.925,0.420185186,0.0347360629
10,0.95,0.657953138,0.13690571
10,0.975,0.367379409,0.0267544469
10,1,0.248453767,0.0673192153
15,0,1.50753222,0.00730592135
15,0.025,1.33346908,0.00177627369
15,0.05,1.15940595,0.0108584687
15,0.075,0.98534281,0.0199406638
15,0.15,0.749343027,0.0295924187
15,0.2,0.609318711,0.0371150887
15,0.25,0.597414411,0.0364255648
15,0.3,0.469014111,0.0201173376
15,0.35,0.463874976,0.00454882653
15,0.4,0.357427173,0.00553712714
15,0.45,0.362773362,0.0146803293
15,0.5,0.391514687,0.0131536326
15,0.55,0.303558118,0.00931169231
15,0.6,0.293571633,0.00184549106
15,0.65,0.335778904,0.00374271387
15,0.7,0.272231159,0.000717933947
15,0.75,0.310813732,0.00246275475
15,0.8,0.299464531,0.00599766857
15,0.85,0.306725274,0.0073395486
15,0.9,0.285170339,0.0131562184
15,0.925,0.308888155,0.0255353086
15,0.95,0.377257634,0.0784990923
15,0.975,0.371113483,0.0268302801
15,1,0.344646792,0.161752448
25,0,0.994247544,0.0426073111
25,0.025,0.845687201,0.0315043157
25,0.05,0.697126858,0.0204013204
25,0.075,0.554903795,0.0101014819
25,0.15,0.374907564,0.00716818014
25,0.2,0.28383582,0.00659943825
25,0.25,0.312659843,0.00386832154
25,0.3,0.252114031,0.00277425585
25,0.35,0.259269764,0.00276846319
25,0.4,0.218928249,0.00625936582
25,0.45,0.225895441,0.00385641655
25,0.5,0.229423298,0.00265591471
25,0.55,0.18961723,0.000417388366
25,0.6,0.18886469,0.00262357272
25,0.65,0.214845125,0.00307302229
25,0.7,0.18143379,0.00258863131
25,0.75,0.199772456,0.00290782904
25,0.8,0.183538173,0.000830560158
25,0.85,0.180514164,0.00195870512
25,0.9,0.189202061,0.00156517491
25,0.925,0.1910858,0.0135073836
25,0.95,0.226963019,0.0104085219
25,0.975,0.199882564,0.0145564703
25,1,0.163904423,0.0444103434
45,0,0.0919984968,0.0492375907
45,0.025,0.0849277787,0.0332899647
45,0.05,0.0778570605,0.0173423387
45,0.075,0.0711905943,0.00196641124
45,0.15,0.18574031,0.00571443805
45,0.2,0.162350989,0.0115871983
45,0.25,0.157395879,0.00398984467
45,0.3,0.121216867,0.0337718156
45,0.35,0.109077944,0.000433384044
45,0.4,0.0606013119,0.0015475605
45,0.45,0.131447015,0.00607370539
45,0.5,0.162240116,0.00791606336
45,0.55,0.0720589092,0.00567012186
45,0.6,0.04441446,0.00502410876
45,0.65,0.167511926,0.00878478767
45,0.7,0.0419569186,0.00131576861
45,0.75,0.140772628,0.00304291996
45,0.8,0.109845436,0.00408555861
45,0.85,0.116698168,0.00689448897
45,0.9,0.0984291471,0.00417958628
45,0.925,0.0844745529,0.0178782382
45,0.95,0.0554707224,0.0375521281
45,0.975,0.182602903,0.0180257335
45,1,0.309735083,0.073603595
